month,Temperature,RH,Ws,Rain,FFMC,DMC,DC,ISI,day_2,day_3,day_4,day_5,day_6,day_7,day_8,day_9,day_10,day_11,day_12,day_13,day_14,day_15,day_16,day_17,day_18,day_19,day_20,day_21,day_22,day_23,day_24,day_25,day_26,day_27,day_28,day_29,day_30,day_31,Region_Sidi-Bel Abbes,Classes
3.0,0.6,-0.7142857142857143,1.0,0.0,0.4037854889589898,3.2164179104477615,4.008492569002123,1.4915254237288136,0.0,0.0,0.0,0.0,0.0,0.0,0.0,0.0,0.0,0.0,0.0,0.0,0.0,0.0,0.0,0.0,0.0,0.0,0.0,0.0,0.0,0.0,0.0,0.0,0.0,0.0,0.0,1.0,0.0,0.0,0.0,0.0
0.0,-0.4,0.6666666666666666,0.0,1.8181818181818181,-1.7413249211356459,-0.6716417910447762,-0.4925690021231423,-0.5084745762711864,0.0,0.0,0.0,0.0,0.0,0.0,0.0,1.0,0.0,0.0,0.0,0.0,0.0,0.0,0.0,0.0,0.0,0.0,0.0,0.0,0.0,0.0,0.0,0.0,0.0,0.0,0.0,0.0,0.0,0.0,0.0,1.0
2.0,0.2,-0.2857142857142857,0.3333333333333333,0.0,0.23974763406940033,0.34328358208955223,0.12738853503184713,0.5084745762711864,0.0,0.0,0.0,0.0,0.0,0.0,0.0,0.0,0.0,0.0,0.0,0.0,0.0,0.0,0.0,0.0,0.0,0.0,0.0,0.0,0.0,0.0,0.0,0.0,0.0,0.0,1.0,0.0,0.0,0.0,1.0,0.0
0.0,0.0,-0.5714285714285714,-0.6666666666666666,0.0,0.31545741324921117,0.36567164179104483,0.39490445859872614,0.5423728813559322,0.0,0.0,0.0,0.0,0.0,0.0,0.0,0.0,0.0,0.0,0.0,0.0,0.0,1.0,0.0,0.0,0.0,0.0,0.0,0.0,0.0,0.0,0.0,0.0,0.0,0.0,0.0,0.0,0.0,0.0,1.0,0.0
3.0,1.6,-1.380952380952381,-0.3333333333333333,0.0,0.6056782334384851,-0.02238805970149246,-0.2165605095541402,1.7118644067796611,1.0,0.0,0.0,0.0,0.0,0.0,0.0,0.0,0.0,0.0,0.0,0.0,0.0,0.0,0.0,0.0,0.0,0.0,0.0,0.0,0.0,0.0,0.0,0.0,0.0,0.0,0.0,0.0,0.0,0.0,1.0,0.0
3.0,1.2,-1.3333333333333333,0.0,0.0,0.6372239747634062,0.8880597014925374,0.23566878980891723,2.0338983050847457,0.0,0.0,1.0,0.0,0.0,0.0,0.0,0.0,0.0,0.0,0.0,0.0,0.0,0.0,0.0,0.0,0.0,0.0,0.0,0.0,0.0,0.0,0.0,0.0,0.0,0.0,0.0,0.0,0.0,0.0,1.0,0.0
3.0,0.4,0.09523809523809523,-0.6666666666666666,0.0,0.19558359621451057,0.0,-0.04033970276008497,0.2542372881355932,0.0,0.0,0.0,1.0,0.0,0.0,0.0,0.0,0.0,0.0,0.0,0.0,0.0,0.0,0.0,0.0,0.0,0.0,0.0,0.0,0.0,0.0,0.0,0.0,0.0,0.0,0.0,0.0,0.0,0.0,0.0,0.0
1.0,0.6,0.23809523809523808,0.3333333333333333,0.0,0.10094637223974721,-0.08208955223880596,-0.30997876857749473,0.2033898305084746,0.0,0.0,0.0,0.0,0.0,0.0,0.0,0.0,0.0,0.0,0.0,0.0,0.0,0.0,0.0,0.0,0.0,0.0,0.0,0.0,0.0,0.0,1.0,0.0,0.0,0.0,0.0,0.0,0.0,0.0,1.0,0.0
2.0,0.4,0.8571428571428571,0.0,0.0,-0.11987381703470061,-0.10447761194029855,0.11889596602972402,-0.11864406779661019,0.0,0.0,0.0,0.0,0.0,0.0,0.0,0.0,0.0,0.0,0.0,1.0,0.0,0.0,0.0,0.0,0.0,0.0,0.0,0.0,0.0,0.0,0.0,0.0,0.0,0.0,0.0,0.0,0.0,0.0,0.0,1.0
0.0,0.0,-0.6666666666666666,-1.3333333333333333,0.0,0.35962145110410093,-0.09701492537313426,0.03184713375796178,0.5254237288135593,0.0,0.0,0.0,0.0,0.0,0.0,0.0,0.0,0.0,0.0,0.0,0.0,0.0,0.0,0.0,0.0,1.0,0.0,0.0,0.0,0.0,0.0,0.0,0.0,0.0,0.0,0.0,0.0,0.0,0.0,0.0,0.0
2.0,-0.2,0.5714285714285714,-0.6666666666666666,0.18181818181818182,-0.5425867507886438,-0.2388059701492537,-0.08280254777070067,-0.3728813559322034,0.0,0.0,0.0,0.0,0.0,0.0,0.0,0.0,0.0,0.0,1.0,0.0,0.0,0.0,0.0,0.0,0.0,0.0,0.0,0.0,0.0,0.0,0.0,0.0,0.0,0.0,0.0,0.0,0.0,0.0,0.0,1.0
0.0,-0.8,0.5714285714285714,0.3333333333333333,0.0,-0.09463722397476336,-0.5,-0.15498938428874737,-0.06779661016949158,0.0,1.0,0.0,0.0,0.0,0.0,0.0,0.0,0.0,0.0,0.0,0.0,0.0,0.0,0.0,0.0,0.0,0.0,0.0,0.0,0.0,0.0,0.0,0.0,0.0,0.0,0.0,0.0,0.0,0.0,1.0,0.0
1.0,-0.4,0.47619047619047616,0.0,0.0,0.18296529968454195,0.0746268656716418,0.14225053078556255,0.3220338983050846,0.0,0.0,0.0,0.0,0.0,0.0,1.0,0.0,0.0,0.0,0.0,0.0,0.0,0.0,0.0,0.0,0.0,0.0,0.0,0.0,0.0,0.0,0.0,0.0,0.0,0.0,0.0,0.0,0.0,0.0,0.0,0.0
3.0,0.6,0.0,0.0,0.0,0.2082018927444792,0.5895522388059702,1.13588110403397,0.3728813559322034,0.0,0.0,0.0,0.0,0.0,0.0,0.0,0.0,0.0,0.0,0.0,1.0,0.0,0.0,0.0,0.0,0.0,0.0,0.0,0.0,0.0,0.0,0.0,0.0,0.0,0.0,0.0,0.0,0.0,0.0,0.0,0.0
2.0,1.0,-1.2380952380952381,1.0,0.36363636363636365,0.3280757097791798,0.13432835820895528,-0.3609341825902335,0.8983050847457626,0.0,0.0,0.0,0.0,0.0,0.0,0.0,0.0,0.0,0.0,0.0,0.0,1.0,0.0,0.0,0.0,0.0,0.0,0.0,0.0,0.0,0.0,0.0,0.0,0.0,0.0,0.0,0.0,0.0,0.0,1.0,0.0
2.0,0.8,-0.7142857142857143,-0.6666666666666666,0.0,0.4164037854889584,0.8283582089552239,1.6326963906581742,0.8474576271186439,0.0,0.0,0.0,0.0,0.0,0.0,0.0,0.0,0.0,0.0,0.0,0.0,0.0,0.0,0.0,0.0,0.0,0.0,0.0,0.0,0.0,0.0,0.0,0.0,0.0,1.0,0.0,0.0,0.0,0.0,0.0,0.0
0.0,-0.6,0.09523809523809523,1.3333333333333333,1.0909090909090908,-0.9716088328075708,-0.41791044776119407,-0.34819532908704887,-0.3728813559322034,0.0,0.0,0.0,0.0,0.0,0.0,0.0,0.0,0.0,0.0,0.0,0.0,0.0,0.0,0.0,0.0,0.0,0.0,0.0,0.0,0.0,0.0,1.0,0.0,0.0,0.0,0.0,0.0,0.0,0.0,0.0,1.0
2.0,1.2,-0.9523809523809523,-0.6666666666666666,0.9090909090909091,0.08201892744479473,0.14179104477611945,0.08067940552016979,0.06779661016949143,0.0,0.0,0.0,0.0,0.0,1.0,0.0,0.0,0.0,0.0,0.0,0.0,0.0,0.0,0.0,0.0,0.0,0.0,0.0,0.0,0.0,0.0,0.0,0.0,0.0,0.0,0.0,0.0,0.0,0.0,1.0,0.0
3.0,0.6,0.23809523809523808,1.3333333333333333,0.0,0.2902208201892739,1.1044776119402986,2.1019108280254777,0.864406779661017,0.0,0.0,0.0,0.0,0.0,0.0,0.0,0.0,0.0,0.0,0.0,0.0,0.0,0.0,0.0,0.0,0.0,0.0,1.0,0.0,0.0,0.0,0.0,0.0,0.0,0.0,0.0,0.0,0.0,0.0,0.0,0.0
1.0,-1.0,-0.23809523809523808,0.6666666666666666,0.0,0.3280757097791798,0.7611940298507465,0.13163481953290862,0.8474576271186439,0.0,0.0,0.0,0.0,0.0,0.0,0.0,0.0,0.0,0.0,1.0,0.0,0.0,0.0,0.0,0.0,0.0,0.0,0.0,0.0,0.0,0.0,0.0,0.0,0.0,0.0,0.0,0.0,0.0,0.0,1.0,0.0
0.0,-1.4,0.7142857142857143,0.0,6.909090909090908,-2.593059936908516,-0.7388059701492539,-0.5116772823779193,-0.6101694915254237,0.0,1.0,0.0,0.0,0.0,0.0,0.0,0.0,0.0,0.0,0.0,0.0,0.0,0.0,0.0,0.0,0.0,0.0,0.0,0.0,0.0,0.0,0.0,0.0,0.0,0.0,0.0,0.0,0.0,0.0,0.0,1.0
2.0,-0.6,0.23809523809523808,1.3333333333333333,1.8181818181818181,-1.5015772870662456,-0.6417910447761195,-0.4883227176220807,-0.4406779661016949,0.0,0.0,0.0,0.0,0.0,0.0,0.0,0.0,0.0,0.0,0.0,0.0,0.0,0.0,0.0,0.0,0.0,0.0,0.0,0.0,0.0,0.0,0.0,0.0,0.0,0.0,0.0,0.0,0.0,0.0,0.0,1.0
1.0,-1.2,0.9047619047619048,2.3333333333333335,23.818181818181817,-2.309148264984226,-0.6417910447761195,-0.5201698513800425,-0.576271186440678,0.0,1.0,0.0,0.0,0.0,0.0,0.0,0.0,0.0,0.0,0.0,0.0,0.0,0.0,0.0,0.0,0.0,0.0,0.0,0.0,0.0,0.0,0.0,0.0,0.0,0.0,0.0,0.0,0.0,0.0,0.0,1.0
3.0,0.6,-1.1904761904761905,0.0,0.0,0.5299684542586742,3.0,2.4649681528662417,1.4406779661016949,0.0,0.0,0.0,0.0,0.0,0.0,0.0,0.0,0.0,0.0,0.0,0.0,0.0,0.0,0.0,0.0,0.0,0.0,0.0,0.0,0.0,0.0,1.0,0.0,0.0,0.0,0.0,0.0,0.0,0.0,1.0,0.0
3.0,0.8,-0.09523809523809523,1.0,0.5454545454545454,-0.22082018927444783,0.04477611940298505,1.2484076433121019,-0.15254237288135597,0.0,0.0,0.0,0.0,0.0,0.0,0.0,0.0,0.0,0.0,0.0,0.0,0.0,0.0,1.0,0.0,0.0,0.0,0.0,0.0,0.0,0.0,0.0,0.0,0.0,0.0,0.0,0.0,0.0,0.0,0.0,0.0
1.0,-0.2,0.19047619047619047,-0.3333333333333333,0.0,-0.069400630914827,-0.3955223880597015,-0.19957537154989388,-0.1016949152542373,0.0,0.0,0.0,0.0,1.0,0.0,0.0,0.0,0.0,0.0,0.0,0.0,0.0,0.0,0.0,0.0,0.0,0.0,0.0,0.0,0.0,0.0,0.0,0.0,0.0,0.0,0.0,0.0,0.0,0.0,0.0,0.0
0.0,-2.0,0.6190476190476191,3.6666666666666665,15.090909090909092,-2.2902208201892735,-0.746268656716418,-0.5222929936305732,-0.5593220338983051,0.0,0.0,0.0,0.0,0.0,0.0,0.0,0.0,0.0,0.0,0.0,0.0,1.0,0.0,0.0,0.0,0.0,0.0,0.0,0.0,0.0,0.0,0.0,0.0,0.0,0.0,0.0,0.0,0.0,0.0,0.0,1.0
0.0,-0.6,1.1904761904761905,-0.6666666666666666,0.0,-0.8012618296529966,-0.6343283582089553,-0.3184713375796178,-0.423728813559322,0.0,0.0,0.0,0.0,0.0,0.0,0.0,0.0,0.0,0.0,1.0,0.0,0.0,0.0,0.0,0.0,0.0,0.0,0.0,0.0,0.0,0.0,0.0,0.0,0.0,0.0,0.0,0.0,0.0,0.0,0.0,1.0
0.0,-0.2,0.38095238095238093,0.6666666666666666,0.5454545454545454,-0.889589905362776,-0.5895522388059702,-0.03184713375796178,-0.3728813559322034,0.0,0.0,0.0,0.0,0.0,1.0,0.0,0.0,0.0,0.0,0.0,0.0,0.0,0.0,0.0,0.0,0.0,0.0,0.0,0.0,0.0,0.0,0.0,0.0,0.0,0.0,0.0,0.0,0.0,0.0,0.0,1.0
2.0,0.4,-0.8571428571428571,1.0,0.0,0.42902208201892705,0.5671641791044777,0.3142250530785562,1.288135593220339,0.0,0.0,0.0,1.0,0.0,0.0,0.0,0.0,0.0,0.0,0.0,0.0,0.0,0.0,0.0,0.0,0.0,0.0,0.0,0.0,0.0,0.0,0.0,0.0,0.0,0.0,0.0,0.0,0.0,0.0,1.0,0.0
0.0,-0.2,-0.5238095238095238,-0.3333333333333333,0.0,0.25236593059936896,-0.3507462686567164,-0.15498938428874737,0.423728813559322,0.0,0.0,0.0,0.0,0.0,0.0,0.0,0.0,0.0,0.0,0.0,0.0,0.0,0.0,0.0,1.0,0.0,0.0,0.0,0.0,0.0,0.0,0.0,0.0,0.0,0.0,0.0,0.0,0.0,0.0,0.0,0.0
1.0,0.8,-0.047619047619047616,0.3333333333333333,0.0,0.2586750788643528,0.4029850746268657,0.06157112526539275,0.559322033898305,0.0,0.0,0.0,0.0,0.0,0.0,0.0,0.0,0.0,0.0,0.0,0.0,0.0,0.0,0.0,0.0,0.0,0.0,0.0,0.0,0.0,0.0,0.0,0.0,1.0,0.0,0.0,0.0,0.0,0.0,1.0,0.0
3.0,0.2,0.14285714285714285,-0.3333333333333333,0.0,0.2082018927444792,0.791044776119403,1.3397027600849256,0.3389830508474576,0.0,0.0,0.0,0.0,0.0,0.0,0.0,0.0,0.0,0.0,0.0,0.0,1.0,0.0,0.0,0.0,0.0,0.0,0.0,0.0,0.0,0.0,0.0,0.0,0.0,0.0,0.0,0.0,0.0,0.0,0.0,0.0
2.0,0.6,-0.7619047619047619,1.0,10.909090909090908,-0.18296529968454284,-0.09701492537313426,-0.46496815286624205,-0.1016949152542373,0.0,0.0,0.0,0.0,0.0,0.0,1.0,0.0,0.0,0.0,0.0,0.0,0.0,0.0,0.0,0.0,0.0,0.0,0.0,0.0,0.0,0.0,0.0,0.0,0.0,0.0,0.0,0.0,0.0,0.0,1.0,0.0
1.0,0.2,-0.19047619047619047,0.3333333333333333,1.4545454545454546,-0.5993690851735013,-0.30597014925373134,-0.49469214437367304,-0.3559322033898305,0.0,0.0,0.0,0.0,0.0,0.0,0.0,0.0,0.0,0.0,0.0,0.0,0.0,0.0,0.0,0.0,0.0,0.0,0.0,0.0,0.0,1.0,0.0,0.0,0.0,0.0,0.0,0.0,0.0,0.0,1.0,1.0
3.0,1.4,-2.0,0.6666666666666666,0.7272727272727273,0.5867507886435326,0.5447761194029851,0.21019108280254772,2.0,0.0,0.0,0.0,0.0,0.0,0.0,0.0,0.0,0.0,0.0,1.0,0.0,0.0,0.0,0.0,0.0,0.0,0.0,0.0,0.0,0.0,0.0,0.0,0.0,0.0,0.0,0.0,0.0,0.0,0.0,1.0,0.0
3.0,0.6,-0.38095238095238093,-1.0,0.7272727272727273,-0.35962145110410093,-0.3955223880597015,-0.4585987261146497,-0.3389830508474576,1.0,0.0,0.0,0.0,0.0,0.0,0.0,0.0,0.0,0.0,0.0,0.0,0.0,0.0,0.0,0.0,0.0,0.0,0.0,0.0,0.0,0.0,0.0,0.0,0.0,0.0,0.0,0.0,0.0,0.0,0.0,1.0
2.0,-1.0,0.14285714285714285,2.3333333333333335,0.7272727272727273,-0.9779179810725547,-0.04477611940298505,0.8428874734607218,-0.3220338983050848,0.0,0.0,0.0,0.0,0.0,0.0,0.0,0.0,0.0,0.0,0.0,0.0,0.0,0.0,0.0,0.0,0.0,0.0,0.0,0.0,0.0,1.0,0.0,0.0,0.0,0.0,0.0,0.0,0.0,0.0,0.0,1.0
2.0,0.6,-0.23809523809523808,-1.6666666666666667,0.36363636363636365,-0.3406940063091484,-0.02238805970149246,-0.25265392781316354,-0.3559322033898305,0.0,0.0,0.0,0.0,0.0,0.0,0.0,0.0,0.0,0.0,0.0,0.0,0.0,0.0,0.0,0.0,0.0,0.0,0.0,0.0,0.0,0.0,0.0,0.0,1.0,0.0,0.0,0.0,0.0,0.0,1.0,1.0
3.0,0.6,-0.38095238095238093,-0.3333333333333333,0.0,0.3280757097791798,0.5597014925373136,0.751592356687898,0.6271186440677966,0.0,0.0,0.0,0.0,0.0,0.0,0.0,0.0,1.0,0.0,0.0,0.0,0.0,0.0,0.0,0.0,0.0,0.0,0.0,0.0,0.0,0.0,0.0,0.0,0.0,0.0,0.0,0.0,0.0,0.0,0.0,0.0
3.0,1.4,-1.1428571428571428,0.0,0.36363636363636365,0.3533123028391162,0.35074626865671654,0.08067940552016979,0.7627118644067795,0.0,0.0,0.0,0.0,0.0,0.0,0.0,0.0,1.0,0.0,0.0,0.0,0.0,0.0,0.0,0.0,0.0,0.0,0.0,0.0,0.0,0.0,0.0,0.0,0.0,0.0,0.0,0.0,0.0,0.0,1.0,0.0
1.0,-0.4,-1.0476190476190477,0.0,0.0,0.35962145110410093,0.16417910447761203,-0.1932059447983015,0.7966101694915254,0.0,0.0,0.0,0.0,0.0,0.0,0.0,0.0,1.0,0.0,0.0,0.0,0.0,0.0,0.0,0.0,0.0,0.0,0.0,0.0,0.0,0.0,0.0,0.0,0.0,0.0,0.0,0.0,0.0,0.0,1.0,0.0
1.0,0.8,-0.38095238095238093,0.0,0.0,0.34069400630914753,0.7313432835820896,0.2484076433121018,0.7288135593220338,0.0,0.0,0.0,0.0,0.0,0.0,0.0,0.0,0.0,0.0,0.0,0.0,0.0,0.0,0.0,0.0,0.0,0.0,0.0,0.0,0.0,0.0,0.0,0.0,0.0,1.0,0.0,0.0,0.0,0.0,1.0,0.0
0.0,-0.4,0.09523809523809523,-0.3333333333333333,0.0,0.10725552050473199,0.36567164179104483,0.2738853503184713,0.13559322033898302,0.0,0.0,0.0,0.0,0.0,0.0,0.0,0.0,0.0,0.0,0.0,0.0,0.0,0.0,0.0,0.0,0.0,0.0,0.0,0.0,0.0,0.0,0.0,0.0,1.0,0.0,0.0,0.0,0.0,0.0,1.0,0.0
2.0,0.0,0.47619047619047616,0.0,0.0,0.18296529968454195,1.164179104477612,2.0254777070063694,0.3220338983050846,0.0,0.0,0.0,0.0,0.0,0.0,0.0,0.0,0.0,0.0,0.0,0.0,0.0,0.0,0.0,0.0,0.0,0.0,0.0,0.0,0.0,0.0,0.0,0.0,0.0,0.0,0.0,1.0,0.0,0.0,0.0,0.0
1.0,0.6,-0.9047619047619048,0.6666666666666666,0.36363636363636365,0.11987381703469971,-0.0895522388059701,-0.05732484076433127,0.288135593220339,0.0,0.0,0.0,0.0,0.0,1.0,0.0,0.0,0.0,0.0,0.0,0.0,0.0,0.0,0.0,0.0,0.0,0.0,0.0,0.0,0.0,0.0,0.0,0.0,0.0,0.0,0.0,0.0,0.0,0.0,1.0,0.0
1.0,0.0,-0.7619047619047619,-0.6666666666666666,0.5454545454545454,-0.23974763406940033,0.5447761194029851,1.1210191082802548,-0.2542372881355932,0.0,0.0,0.0,0.0,0.0,0.0,0.0,0.0,0.0,0.0,0.0,0.0,0.0,0.0,0.0,0.0,0.0,0.0,0.0,0.0,0.0,0.0,0.0,0.0,0.0,0.0,0.0,1.0,0.0,0.0,0.0,1.0
0.0,-0.2,-0.047619047619047616,0.0,0.0,-0.025236593059937255,-0.3955223880597015,-0.29511677282377924,0.01694915254237282,0.0,0.0,0.0,0.0,0.0,1.0,0.0,0.0,0.0,0.0,0.0,0.0,0.0,0.0,0.0,0.0,0.0,0.0,0.0,0.0,0.0,0.0,0.0,0.0,0.0,0.0,0.0,0.0,0.0,0.0,1.0,0.0
1.0,-0.4,0.47619047619047616,-0.6666666666666666,7.2727272727272725,-1.7665615141955826,-0.626865671641791,-0.505307855626327,-0.5254237288135593,1.0,0.0,0.0,0.0,0.0,0.0,0.0,0.0,0.0,0.0,0.0,0.0,0.0,0.0,0.0,0.0,0.0,0.0,0.0,0.0,0.0,0.0,0.0,0.0,0.0,0.0,0.0,0.0,0.0,0.0,1.0,1.0
2.0,0.4,-0.3333333333333333,0.0,5.2727272727272725,-0.5615141955835963,-0.2985074626865672,-0.4692144373673036,-0.3559322033898305,0.0,0.0,0.0,0.0,0.0,0.0,0.0,0.0,0.0,1.0,0.0,0.0,0.0,0.0,0.0,0.0,0.0,0.0,0.0,0.0,0.0,0.0,0.0,0.0,0.0,0.0,0.0,0.0,0.0,0.0,1.0,1.0
0.0,0.2,0.047619047619047616,-0.6666666666666666,0.0,0.3280757097791798,1.1194029850746272,1.5859872611464965,0.5762711864406779,0.0,0.0,0.0,0.0,0.0,0.0,0.0,0.0,0.0,0.0,0.0,0.0,0.0,0.0,0.0,0.0,0.0,0.0,0.0,0.0,1.0,0.0,0.0,0.0,0.0,0.0,0.0,0.0,0.0,0.0,1.0,0.0
3.0,0.6,-1.380952380952381,0.3333333333333333,0.36363636363636365,0.2902208201892739,0.43283582089552236,0.28662420382165604,0.6440677966101694,0.0,0.0,0.0,0.0,0.0,0.0,0.0,0.0,0.0,0.0,0.0,1.0,0.0,0.0,0.0,0.0,0.0,0.0,0.0,0.0,0.0,0.0,0.0,0.0,0.0,0.0,0.0,0.0,0.0,0.0,1.0,0.0
1.0,0.2,-0.6190476190476191,-0.3333333333333333,0.0,0.31545741324921117,0.8805970149253731,1.2993630573248407,0.5932203389830508,0.0,0.0,0.0,0.0,0.0,0.0,0.0,0.0,0.0,0.0,0.0,0.0,0.0,0.0,0.0,0.0,0.0,0.0,0.0,0.0,0.0,0.0,0.0,0.0,0.0,0.0,0.0,0.0,1.0,0.0,0.0,0.0
2.0,0.0,0.8571428571428571,0.6666666666666666,0.0,0.056782334384857476,0.7462686567164182,0.22717622080679395,0.1694915254237288,0.0,0.0,0.0,0.0,0.0,0.0,0.0,0.0,0.0,0.0,0.0,0.0,0.0,0.0,0.0,1.0,0.0,0.0,0.0,0.0,0.0,0.0,0.0,0.0,0.0,0.0,0.0,0.0,0.0,0.0,1.0,0.0
0.0,-1.4,0.6190476190476191,0.6666666666666666,13.09090909090909,-2.3785488958990526,-0.7313432835820896,-0.5116772823779193,-0.5932203389830508,0.0,0.0,0.0,0.0,0.0,0.0,0.0,0.0,0.0,0.0,0.0,0.0,0.0,0.0,0.0,0.0,0.0,0.0,0.0,0.0,0.0,0.0,0.0,0.0,0.0,0.0,0.0,0.0,0.0,0.0,0.0,1.0
3.0,0.6,-0.19047619047619047,0.6666666666666666,0.0,0.23343848580441645,0.27611940298507476,0.5392781316348195,0.5423728813559322,0.0,0.0,0.0,0.0,0.0,0.0,0.0,1.0,0.0,0.0,0.0,0.0,0.0,0.0,0.0,0.0,0.0,0.0,0.0,0.0,0.0,0.0,0.0,0.0,0.0,0.0,0.0,0.0,0.0,0.0,0.0,0.0
1.0,-0.4,0.8095238095238095,0.3333333333333333,0.7272727272727273,-1.5078864353312298,-0.5746268656716418,-0.09554140127388534,-0.4745762711864407,0.0,0.0,0.0,0.0,0.0,0.0,0.0,0.0,0.0,0.0,0.0,0.0,0.0,0.0,0.0,0.0,0.0,0.0,1.0,0.0,0.0,0.0,0.0,0.0,0.0,0.0,0.0,0.0,0.0,0.0,0.0,1.0
0.0,-0.6,0.5238095238095238,1.3333333333333333,0.18181818181818182,-0.498422712933754,-0.5597014925373135,0.012738853503184744,-0.2711864406779661,0.0,0.0,0.0,0.0,1.0,0.0,0.0,0.0,0.0,0.0,0.0,0.0,0.0,0.0,0.0,0.0,0.0,0.0,0.0,0.0,0.0,0.0,0.0,0.0,0.0,0.0,0.0,0.0,0.0,0.0,0.0,1.0
1.0,-0.6,1.1428571428571428,0.0,0.7272727272727273,-2.2902208201892735,-0.5149253731343284,-0.5010615711252654,-0.5932203389830508,0.0,0.0,0.0,0.0,0.0,0.0,0.0,0.0,0.0,0.0,0.0,0.0,0.0,0.0,1.0,0.0,0.0,0.0,0.0,0.0,0.0,0.0,0.0,0.0,0.0,0.0,0.0,0.0,0.0,0.0,1.0,1.0
3.0,0.6,0.14285714285714285,0.0,0.18181818181818182,-0.06309148264984224,1.611940298507463,1.3842887473460719,-0.06779661016949158,0.0,0.0,0.0,0.0,0.0,0.0,0.0,0.0,0.0,0.0,0.0,0.0,0.0,0.0,0.0,0.0,0.0,1.0,0.0,0.0,0.0,0.0,0.0,0.0,0.0,0.0,0.0,0.0,0.0,0.0,1.0,0.0
1.0,-1.0,1.0,2.0,2.1818181818181817,-2.1261829652996838,-0.3283582089552239,-0.30997876857749473,-0.5423728813559322,0.0,0.0,0.0,0.0,0.0,0.0,0.0,0.0,0.0,0.0,0.0,1.0,0.0,0.0,0.0,0.0,0.0,0.0,0.0,0.0,0.0,0.0,0.0,0.0,0.0,0.0,0.0,0.0,0.0,0.0,0.0,1.0
1.0,0.2,-0.047619047619047616,-1.6666666666666667,15.818181818181815,-1.1482649842271289,-0.4850746268656717,-0.49469214437367304,-0.4745762711864407,0.0,0.0,0.0,0.0,0.0,0.0,0.0,0.0,0.0,0.0,0.0,0.0,0.0,0.0,0.0,0.0,1.0,0.0,0.0,0.0,0.0,0.0,0.0,0.0,0.0,0.0,0.0,0.0,0.0,0.0,1.0,1.0
0.0,0.2,-1.7619047619047619,-0.6666666666666666,0.0,0.643533123028391,0.7537313432835822,0.5859872611464968,1.7796610169491525,0.0,0.0,0.0,0.0,0.0,0.0,0.0,0.0,0.0,0.0,0.0,0.0,0.0,0.0,1.0,0.0,0.0,0.0,0.0,0.0,0.0,0.0,0.0,0.0,0.0,0.0,0.0,0.0,0.0,0.0,1.0,0.0
0.0,-0.8,0.19047619047619047,1.3333333333333333,0.0,-0.5236593059936904,-0.6119402985074627,-0.3248407643312102,-0.288135593220339,1.0,0.0,0.0,0.0,0.0,0.0,0.0,0.0,0.0,0.0,0.0,0.0,0.0,0.0,0.0,0.0,0.0,0.0,0.0,0.0,0.0,0.0,0.0,0.0,0.0,0.0,0.0,0.0,0.0,0.0,1.0,1.0
2.0,-0.2,0.9523809523809523,0.6666666666666666,0.0,0.05047318611987361,0.6194029850746269,0.03184713375796178,0.1694915254237288,0.0,0.0,0.0,0.0,0.0,0.0,0.0,0.0,0.0,0.0,0.0,0.0,0.0,0.0,1.0,0.0,0.0,0.0,0.0,0.0,0.0,0.0,0.0,0.0,0.0,0.0,0.0,0.0,0.0,0.0,1.0,0.0
3.0,0.4,0.047619047619047616,-0.3333333333333333,0.0,0.3280757097791798,2.194029850746269,2.966029723991508,0.8983050847457626,0.0,0.0,0.0,0.0,0.0,0.0,0.0,0.0,0.0,0.0,0.0,0.0,0.0,0.0,0.0,0.0,0.0,0.0,0.0,0.0,0.0,0.0,1.0,0.0,0.0,0.0,0.0,0.0,0.0,0.0,0.0,0.0
1.0,0.4,-1.0,0.0,3.0909090909090904,-0.25236593059936896,0.06716417910447764,-0.49044585987261147,-0.2542372881355932,0.0,0.0,0.0,0.0,0.0,0.0,0.0,0.0,0.0,0.0,0.0,0.0,0.0,0.0,0.0,0.0,0.0,0.0,0.0,0.0,0.0,0.0,0.0,0.0,0.0,0.0,0.0,0.0,1.0,0.0,1.0,1.0
2.0,-0.4,0.8095238095238095,1.3333333333333333,0.7272727272727273,-1.4511041009463714,-0.44029850746268656,-0.30997876857749473,-0.4406779661016949,0.0,0.0,0.0,0.0,0.0,0.0,0.0,0.0,0.0,0.0,0.0,0.0,0.0,1.0,0.0,0.0,0.0,0.0,0.0,0.0,0.0,0.0,0.0,0.0,0.0,0.0,0.0,0.0,0.0,0.0,0.0,1.0
0.0,-1.6,0.047619047619047616,0.0,0.36363636363636365,-1.034700315457413,-0.5447761194029851,-0.32059447983014866,-0.423728813559322,0.0,0.0,0.0,0.0,0.0,0.0,0.0,0.0,0.0,0.0,0.0,0.0,0.0,0.0,0.0,0.0,0.0,0.0,0.0,0.0,0.0,0.0,0.0,0.0,0.0,0.0,0.0,0.0,1.0,0.0,1.0,1.0
2.0,1.4,0.047619047619047616,-2.0,2.1818181818181817,-0.6246056782334385,0.04477611940298505,-0.33333333333333337,-0.4406779661016949,0.0,0.0,0.0,0.0,0.0,0.0,0.0,0.0,0.0,0.0,0.0,0.0,0.0,0.0,0.0,0.0,0.0,0.0,0.0,0.0,0.0,0.0,0.0,1.0,0.0,0.0,0.0,0.0,0.0,0.0,1.0,1.0
0.0,-0.2,-0.42857142857142855,-1.3333333333333333,0.0,-0.10725552050473199,-0.3805970149253731,-0.3248407643312102,-0.2033898305084746,0.0,0.0,0.0,0.0,0.0,0.0,0.0,0.0,0.0,0.0,0.0,0.0,0.0,0.0,0.0,0.0,0.0,0.0,0.0,0.0,0.0,0.0,0.0,0.0,1.0,0.0,0.0,0.0,0.0,0.0,0.0,1.0
0.0,-0.8,0.8571428571428571,0.0,0.0,0.056782334384857476,0.1119402985074627,0.21019108280254772,0.10169491525423723,0.0,0.0,0.0,0.0,0.0,0.0,0.0,0.0,0.0,0.0,0.0,0.0,1.0,0.0,0.0,0.0,0.0,0.0,0.0,0.0,0.0,0.0,0.0,0.0,0.0,0.0,0.0,0.0,0.0,0.0,1.0,0.0
3.0,0.2,-1.2380952380952381,0.3333333333333333,0.0,0.536277602523659,3.746268656716418,2.878980891719745,1.5932203389830506,0.0,0.0,0.0,0.0,0.0,0.0,0.0,0.0,0.0,0.0,0.0,0.0,0.0,0.0,0.0,0.0,0.0,0.0,0.0,0.0,0.0,0.0,0.0,0.0,1.0,0.0,0.0,0.0,0.0,0.0,1.0,0.0
2.0,-0.2,0.23809523809523808,-0.3333333333333333,0.0,0.10725552050473199,0.0746268656716418,0.24416135881104034,0.15254237288135583,0.0,0.0,0.0,0.0,0.0,0.0,0.0,0.0,0.0,0.0,0.0,0.0,0.0,0.0,0.0,0.0,1.0,0.0,0.0,0.0,0.0,0.0,0.0,0.0,0.0,0.0,0.0,0.0,0.0,0.0,0.0,0.0
0.0,-0.4,0.14285714285714285,0.0,0.36363636363636365,-0.643533123028391,-0.5223880597014926,-0.10615711252653927,-0.3728813559322034,0.0,0.0,1.0,0.0,0.0,0.0,0.0,0.0,0.0,0.0,0.0,0.0,0.0,0.0,0.0,0.0,0.0,0.0,0.0,0.0,0.0,0.0,0.0,0.0,0.0,0.0,0.0,0.0,0.0,0.0,1.0,1.0
0.0,0.4,0.38095238095238093,-0.3333333333333333,11.818181818181817,-1.2113564668769712,-0.582089552238806,-0.47770700636942676,-0.4576271186440678,0.0,0.0,0.0,0.0,1.0,0.0,0.0,0.0,0.0,0.0,0.0,0.0,0.0,0.0,0.0,0.0,0.0,0.0,0.0,0.0,0.0,0.0,0.0,0.0,0.0,0.0,0.0,0.0,0.0,0.0,1.0,1.0
2.0,0.6,-1.0,0.0,0.5454545454545454,0.06309148264984224,0.32835820895522394,0.28662420382165604,0.10169491525423723,0.0,0.0,0.0,0.0,1.0,0.0,0.0,0.0,0.0,0.0,0.0,0.0,0.0,0.0,0.0,0.0,0.0,0.0,0.0,0.0,0.0,0.0,0.0,0.0,0.0,0.0,0.0,0.0,0.0,0.0,1.0,0.0
2.0,1.0,-0.38095238095238093,0.0,0.0,0.3533123028391162,1.2835820895522392,0.7558386411889597,0.7796610169491526,0.0,0.0,0.0,0.0,0.0,0.0,0.0,0.0,0.0,0.0,0.0,0.0,0.0,0.0,0.0,0.0,0.0,0.0,0.0,0.0,0.0,0.0,0.0,0.0,0.0,0.0,0.0,0.0,0.0,1.0,1.0,0.0
2.0,0.2,0.09523809523809523,0.0,0.18181818181818182,-0.14511041009463696,0.08955223880597024,0.6475583864118896,-0.15254237288135597,0.0,0.0,0.0,0.0,0.0,0.0,0.0,0.0,0.0,0.0,0.0,0.0,0.0,0.0,0.0,0.0,0.0,0.0,1.0,0.0,0.0,0.0,0.0,0.0,0.0,0.0,0.0,0.0,0.0,0.0,0.0,0.0
0.0,-0.2,-0.38095238095238093,-1.3333333333333333,0.0,0.2586750788643528,0.4029850746268657,0.5583864118895965,0.288135593220339,0.0,0.0,0.0,0.0,0.0,0.0,0.0,0.0,0.0,0.0,0.0,0.0,0.0,0.0,0.0,0.0,0.0,0.0,0.0,1.0,0.0,0.0,0.0,0.0,0.0,0.0,0.0,0.0,0.0,0.0,0.0,0.0
1.0,-1.0,0.6666666666666666,0.3333333333333333,0.0,-1.1924290220820186,-0.6044776119402986,-0.3694267515923567,-0.423728813559322,0.0,0.0,0.0,1.0,0.0,0.0,0.0,0.0,0.0,0.0,0.0,0.0,0.0,0.0,0.0,0.0,0.0,0.0,0.0,0.0,0.0,0.0,0.0,0.0,0.0,0.0,0.0,0.0,0.0,0.0,0.0,1.0
1.0,-1.4,1.2380952380952381,-0.6666666666666666,4.545454545454545,-3.4763406940063075,-0.7313432835820896,-0.524416135881104,-0.6271186440677966,0.0,0.0,1.0,0.0,0.0,0.0,0.0,0.0,0.0,0.0,0.0,0.0,0.0,0.0,0.0,0.0,0.0,0.0,0.0,0.0,0.0,0.0,0.0,0.0,0.0,0.0,0.0,0.0,0.0,0.0,0.0,1.0
0.0,-0.4,0.6666666666666666,2.0,3.2727272727272725,-1.5899053627760245,-0.6865671641791045,-0.4925690021231423,-0.4406779661016949,0.0,0.0,0.0,0.0,0.0,0.0,0.0,0.0,0.0,1.0,0.0,0.0,0.0,0.0,0.0,0.0,0.0,0.0,0.0,0.0,0.0,0.0,0.0,0.0,0.0,0.0,0.0,0.0,0.0,0.0,0.0,1.0
0.0,-0.6,-0.6666666666666666,1.3333333333333333,0.0,0.30914826498422643,0.029850746268656747,0.038216560509554076,0.9152542372881355,0.0,0.0,0.0,0.0,0.0,0.0,0.0,0.0,0.0,0.0,0.0,1.0,0.0,0.0,0.0,0.0,0.0,0.0,0.0,0.0,0.0,0.0,0.0,0.0,0.0,0.0,0.0,0.0,0.0,0.0,1.0,0.0
2.0,0.4,-0.23809523809523808,1.0,0.0,0.27129337539432147,0.1865671641791045,0.11040339702760076,0.7288135593220338,0.0,0.0,1.0,0.0,0.0,0.0,0.0,0.0,0.0,0.0,0.0,0.0,0.0,0.0,0.0,0.0,0.0,0.0,0.0,0.0,0.0,0.0,0.0,0.0,0.0,0.0,0.0,0.0,0.0,0.0,1.0,0.0
0.0,0.0,-0.42857142857142855,-1.3333333333333333,0.9090909090909091,-0.6309148264984223,-0.2388059701492537,-0.025477707006369487,-0.423728813559322,0.0,0.0,0.0,0.0,0.0,0.0,0.0,0.0,0.0,0.0,0.0,0.0,0.0,0.0,0.0,0.0,0.0,0.0,0.0,0.0,0.0,1.0,0.0,0.0,0.0,0.0,0.0,0.0,0.0,0.0,0.0,1.0
1.0,0.0,-0.047619047619047616,1.0,0.18181818181818182,-0.14511041009463696,-0.21641791044776124,0.3418259023354565,-0.06779661016949158,0.0,0.0,0.0,0.0,0.0,0.0,0.0,0.0,0.0,0.0,0.0,0.0,0.0,0.0,0.0,0.0,0.0,0.0,0.0,0.0,0.0,1.0,0.0,0.0,0.0,0.0,0.0,0.0,0.0,0.0,0.0,0.0
2.0,0.2,-0.7142857142857143,0.3333333333333333,0.0,0.2460567823343842,-0.2388059701492537,-0.2929936305732484,0.5254237288135593,1.0,0.0,0.0,0.0,0.0,0.0,0.0,0.0,0.0,0.0,0.0,0.0,0.0,0.0,0.0,0.0,0.0,0.0,0.0,0.0,0.0,0.0,0.0,0.0,0.0,0.0,0.0,0.0,0.0,0.0,1.0,0.0
1.0,0.0,-0.14285714285714285,-0.3333333333333333,0.36363636363636365,-0.4164037854889593,-0.3805970149253731,-0.29723991507430997,-0.3220338983050848,0.0,0.0,0.0,1.0,0.0,0.0,0.0,0.0,0.0,0.0,0.0,0.0,0.0,0.0,0.0,0.0,0.0,0.0,0.0,0.0,0.0,0.0,0.0,0.0,0.0,0.0,0.0,0.0,0.0,0.0,1.0,1.0
1.0,-0.6,-0.09523809523809523,-0.6666666666666666,2.3636363636363633,-1.217665615141955,-0.5223880597014926,-0.5095541401273885,-0.4576271186440678,1.0,0.0,0.0,0.0,0.0,0.0,0.0,0.0,0.0,0.0,0.0,0.0,0.0,0.0,0.0,0.0,0.0,0.0,0.0,0.0,0.0,0.0,0.0,0.0,0.0,0.0,0.0,0.0,0.0,0.0,0.0,1.0
2.0,0.2,0.3333333333333333,0.6666666666666666,0.0,0.10725552050473199,0.5522388059701493,0.8471337579617834,0.2542372881355932,0.0,0.0,0.0,0.0,0.0,0.0,0.0,0.0,0.0,0.0,0.0,0.0,0.0,0.0,0.0,0.0,0.0,0.0,0.0,1.0,0.0,0.0,0.0,0.0,0.0,0.0,0.0,0.0,0.0,0.0,0.0,0.0
2.0,0.8,-0.9523809523809523,0.0,3.454545454545454,-0.08832807570977949,-0.126865671641791,-0.46072186836518053,-0.0847457627118644,0.0,0.0,0.0,0.0,0.0,0.0,0.0,1.0,0.0,0.0,0.0,0.0,0.0,0.0,0.0,0.0,0.0,0.0,0.0,0.0,0.0,0.0,0.0,0.0,0.0,0.0,0.0,0.0,0.0,0.0,1.0,0.0
1.0,-0.2,0.09523809523809523,-0.3333333333333333,0.0,0.05047318611987361,0.10447761194029855,0.4819532908704882,0.05084745762711861,0.0,0.0,0.0,0.0,0.0,0.0,0.0,0.0,0.0,1.0,0.0,0.0,0.0,0.0,0.0,0.0,0.0,0.0,0.0,0.0,0.0,0.0,0.0,0.0,0.0,0.0,0.0,0.0,0.0,0.0,0.0,0.0
1.0,-1.0,0.7619047619047619,0.3333333333333333,1.2727272727272725,-1.91167192429022,-0.3507462686567164,-0.5159235668789809,-0.5423728813559322,0.0,0.0,0.0,0.0,0.0,0.0,0.0,0.0,0.0,0.0,0.0,0.0,1.0,0.0,0.0,0.0,0.0,0.0,0.0,0.0,0.0,0.0,0.0,0.0,0.0,0.0,0.0,0.0,0.0,0.0,1.0,1.0
3.0,0.4,0.047619047619047616,0.3333333333333333,0.0,0.35962145110410093,2.9179104477611943,3.7961783439490446,0.6101694915254237,0.0,0.0,0.0,0.0,0.0,0.0,0.0,0.0,0.0,0.0,0.0,0.0,0.0,0.0,0.0,0.0,0.0,0.0,0.0,0.0,0.0,0.0,0.0,0.0,0.0,0.0,1.0,0.0,0.0,0.0,0.0,0.0
0.0,-1.2,0.8571428571428571,2.0,10.545454545454545,-2.214511041009463,-0.6044776119402986,-0.5074309978768577,-0.5593220338983051,0.0,0.0,0.0,0.0,0.0,0.0,0.0,0.0,0.0,0.0,0.0,0.0,0.0,0.0,0.0,0.0,0.0,0.0,0.0,0.0,0.0,0.0,0.0,1.0,0.0,0.0,0.0,0.0,0.0,0.0,0.0,1.0
1.0,0.0,0.38095238095238093,-1.0,1.2727272727272725,-1.6782334384858035,-0.6417910447761195,-0.4968152866242039,-0.5254237288135593,0.0,0.0,0.0,0.0,0.0,0.0,0.0,0.0,0.0,0.0,0.0,0.0,0.0,0.0,0.0,0.0,0.0,0.0,0.0,0.0,0.0,0.0,0.0,0.0,0.0,0.0,0.0,0.0,0.0,0.0,1.0,1.0
0.0,-0.4,0.09523809523809523,-0.3333333333333333,0.0,-0.3533123028391171,-0.5895522388059702,-0.33757961783439494,-0.3050847457627119,0.0,0.0,0.0,0.0,0.0,0.0,0.0,0.0,0.0,0.0,0.0,0.0,0.0,0.0,1.0,0.0,0.0,0.0,0.0,0.0,0.0,0.0,0.0,0.0,0.0,0.0,0.0,0.0,0.0,0.0,0.0,1.0
3.0,0.4,0.2857142857142857,-0.6666666666666666,0.0,0.08201892744479473,-0.21641791044776124,-0.2505307855626327,0.05084745762711861,0.0,0.0,1.0,0.0,0.0,0.0,0.0,0.0,0.0,0.0,0.0,0.0,0.0,0.0,0.0,0.0,0.0,0.0,0.0,0.0,0.0,0.0,0.0,0.0,0.0,0.0,0.0,0.0,0.0,0.0,0.0,0.0
2.0,0.0,0.23809523809523808,-0.3333333333333333,2.545454545454545,-1.0788643533123028,-0.2537313432835821,-0.47558386411889597,-0.4406779661016949,0.0,0.0,0.0,0.0,0.0,0.0,0.0,1.0,0.0,0.0,0.0,0.0,0.0,0.0,0.0,0.0,0.0,0.0,0.0,0.0,0.0,0.0,0.0,0.0,0.0,0.0,0.0,0.0,0.0,0.0,0.0,1.0
2.0,0.0,-0.7142857142857143,1.0,0.0,0.49211356466876927,2.4701492537313436,1.2420382165605093,1.6101694915254237,0.0,0.0,0.0,0.0,0.0,0.0,0.0,0.0,0.0,0.0,0.0,0.0,0.0,0.0,0.0,0.0,0.0,0.0,0.0,0.0,1.0,0.0,0.0,0.0,0.0,0.0,0.0,0.0,0.0,0.0,1.0,0.0
1.0,-0.8,0.7619047619047619,-1.0,0.0,-0.6624605678233435,-0.11940298507462685,0.31210191082802535,-0.4067796610169492,0.0,0.0,0.0,0.0,0.0,0.0,0.0,0.0,1.0,0.0,0.0,0.0,0.0,0.0,0.0,0.0,0.0,0.0,0.0,0.0,0.0,0.0,0.0,0.0,0.0,0.0,0.0,0.0,0.0,0.0,0.0,1.0
2.0,0.4,-0.3333333333333333,0.6666666666666666,0.18181818181818182,0.06309148264984224,-0.10447761194029855,-0.09129511677282379,0.1694915254237288,0.0,1.0,0.0,0.0,0.0,0.0,0.0,0.0,0.0,0.0,0.0,0.0,0.0,0.0,0.0,0.0,0.0,0.0,0.0,0.0,0.0,0.0,0.0,0.0,0.0,0.0,0.0,0.0,0.0,0.0,1.0,0.0
2.0,-0.8,0.6190476190476191,2.0,0.0,-0.7003154574132494,-0.30597014925373134,-0.12951167728237795,-0.5084745762711864,0.0,0.0,0.0,0.0,0.0,0.0,0.0,0.0,0.0,0.0,0.0,0.0,0.0,0.0,1.0,0.0,0.0,0.0,0.0,0.0,0.0,0.0,0.0,0.0,0.0,0.0,0.0,0.0,0.0,0.0,0.0,1.0
0.0,-1.6,-0.42857142857142855,1.0,0.18181818181818182,-0.25236593059936896,-0.5074626865671642,-0.34819532908704887,-0.3389830508474576,0.0,0.0,0.0,0.0,0.0,0.0,0.0,0.0,0.0,0.0,0.0,0.0,0.0,0.0,0.0,0.0,0.0,0.0,0.0,0.0,0.0,0.0,0.0,0.0,0.0,0.0,0.0,1.0,0.0,0.0,1.0,1.0
0.0,-0.4,0.47619047619047616,0.6666666666666666,1.6363636363636362,-1.3690851735015768,-0.6343283582089553,-0.4925690021231423,-0.4406779661016949,0.0,0.0,0.0,0.0,0.0,0.0,1.0,0.0,0.0,0.0,0.0,0.0,0.0,0.0,0.0,0.0,0.0,0.0,0.0,0.0,0.0,0.0,0.0,0.0,0.0,0.0,0.0,0.0,0.0,0.0,0.0,1.0
3.0,1.0,-1.2380952380952381,-0.3333333333333333,0.0,0.6687697160883274,1.8507462686567164,1.1719745222929936,2.084745762711864,0.0,0.0,0.0,0.0,0.0,0.0,0.0,0.0,0.0,0.0,0.0,0.0,0.0,0.0,0.0,0.0,1.0,0.0,0.0,0.0,0.0,0.0,0.0,0.0,0.0,0.0,0.0,0.0,0.0,0.0,1.0,0.0
3.0,0.0,0.2857142857142857,0.3333333333333333,0.0,0.1766561514195581,0.32835820895522394,0.3609341825902335,0.30508474576271183,0.0,0.0,0.0,0.0,0.0,1.0,0.0,0.0,0.0,0.0,0.0,0.0,0.0,0.0,0.0,0.0,0.0,0.0,0.0,0.0,0.0,0.0,0.0,0.0,0.0,0.0,0.0,0.0,0.0,0.0,0.0,0.0
2.0,0.2,0.0,0.6666666666666666,2.0,-0.6876971608832807,0.7313432835820896,0.5307855626326964,-0.3559322033898305,0.0,0.0,0.0,0.0,0.0,0.0,0.0,0.0,0.0,0.0,0.0,0.0,0.0,0.0,0.0,0.0,0.0,0.0,0.0,0.0,0.0,0.0,1.0,0.0,0.0,0.0,0.0,0.0,0.0,0.0,1.0,1.0
2.0,0.8,-0.3333333333333333,0.3333333333333333,0.0,0.3280757097791798,0.9477611940298509,0.5414012738853503,0.7627118644067795,0.0,0.0,0.0,0.0,0.0,0.0,0.0,0.0,0.0,0.0,0.0,0.0,0.0,0.0,0.0,0.0,0.0,0.0,0.0,0.0,0.0,0.0,0.0,0.0,0.0,0.0,0.0,0.0,1.0,0.0,1.0,0.0
1.0,-0.8,-0.5714285714285714,0.6666666666666666,2.3636363636363633,-0.7760252365930593,-0.2537313432835821,-0.5138004246284501,-0.3728813559322034,0.0,0.0,0.0,0.0,0.0,0.0,1.0,0.0,0.0,0.0,0.0,0.0,0.0,0.0,0.0,0.0,0.0,0.0,0.0,0.0,0.0,0.0,0.0,0.0,0.0,0.0,0.0,0.0,0.0,0.0,1.0,1.0
1.0,-0.4,-0.5238095238095238,0.0,3.6363636363636362,-0.7192429022082019,0.02238805970149259,-0.505307855626327,-0.3898305084745763,0.0,0.0,0.0,0.0,0.0,0.0,0.0,0.0,0.0,0.0,0.0,1.0,0.0,0.0,0.0,0.0,0.0,0.0,0.0,0.0,0.0,0.0,0.0,0.0,0.0,0.0,0.0,0.0,0.0,0.0,1.0,1.0
3.0,0.8,-0.47619047619047616,0.3333333333333333,0.0,0.3659305993690848,1.9776119402985077,2.7579617834394905,1.135593220338983,0.0,0.0,0.0,0.0,0.0,0.0,0.0,0.0,0.0,0.0,0.0,0.0,0.0,0.0,0.0,0.0,0.0,0.0,0.0,0.0,0.0,1.0,0.0,0.0,0.0,0.0,0.0,0.0,0.0,0.0,0.0,0.0
3.0,-0.4,-0.19047619047619047,1.3333333333333333,0.0,0.34069400630914753,1.2462686567164183,2.900212314225053,1.033898305084746,0.0,0.0,0.0,0.0,0.0,0.0,0.0,0.0,0.0,0.0,0.0,0.0,0.0,0.0,0.0,0.0,0.0,0.0,0.0,0.0,0.0,0.0,0.0,0.0,0.0,0.0,0.0,0.0,0.0,1.0,1.0,0.0
1.0,-1.0,-0.19047619047619047,1.0,0.18181818181818182,-0.3533123028391171,-0.19402985074626866,-0.3588110403397028,-0.22033898305084748,0.0,0.0,0.0,0.0,0.0,0.0,0.0,1.0,0.0,0.0,0.0,0.0,0.0,0.0,0.0,0.0,0.0,0.0,0.0,0.0,0.0,0.0,0.0,0.0,0.0,0.0,0.0,0.0,0.0,0.0,1.0,1.0
0.0,-0.4,0.47619047619047616,-0.3333333333333333,0.0,-0.28391167192429007,-0.34328358208955223,-0.3184713375796178,-0.2711864406779661,0.0,0.0,0.0,0.0,0.0,0.0,0.0,0.0,0.0,1.0,0.0,0.0,0.0,0.0,0.0,0.0,0.0,0.0,0.0,0.0,0.0,0.0,0.0,0.0,0.0,0.0,0.0,0.0,0.0,0.0,1.0,1.0
0.0,-0.6,0.5714285714285714,0.3333333333333333,0.0,-0.18296529968454284,-0.5746268656716418,-0.16135881104033972,-0.15254237288135597,0.0,0.0,0.0,1.0,0.0,0.0,0.0,0.0,0.0,0.0,0.0,0.0,0.0,0.0,0.0,0.0,0.0,0.0,0.0,0.0,0.0,0.0,0.0,0.0,0.0,0.0,0.0,0.0,0.0,0.0,0.0,0.0
1.0,-0.2,0.047619047619047616,0.0,0.0,0.18927444794952672,0.23134328358208955,0.6836518046709128,0.3389830508474576,0.0,0.0,0.0,0.0,0.0,0.0,0.0,0.0,0.0,0.0,0.0,0.0,0.0,0.0,0.0,0.0,0.0,0.0,0.0,0.0,0.0,0.0,0.0,1.0,0.0,0.0,0.0,0.0,0.0,0.0,0.0,0.0
3.0,1.2,-0.5238095238095238,-0.3333333333333333,0.0,-0.3406940063091484,-0.5,-0.44798301486199577,-0.288135593220339,0.0,0.0,0.0,0.0,0.0,0.0,0.0,0.0,0.0,0.0,0.0,0.0,0.0,0.0,0.0,0.0,0.0,0.0,0.0,0.0,0.0,0.0,0.0,0.0,0.0,0.0,0.0,0.0,0.0,0.0,1.0,1.0
0.0,-0.8,1.0,1.0,0.0,0.006309148264983865,0.17910447761194034,0.37579617834394896,0.13559322033898302,0.0,0.0,0.0,0.0,0.0,0.0,0.0,0.0,0.0,0.0,0.0,0.0,0.0,0.0,0.0,0.0,0.0,0.0,1.0,0.0,0.0,0.0,0.0,0.0,0.0,0.0,0.0,0.0,0.0,0.0,0.0,0.0
3.0,0.4,-1.0952380952380953,1.0,0.0,0.5299684542586742,3.373134328358209,2.673036093418259,1.7966101694915255,0.0,0.0,0.0,0.0,0.0,0.0,0.0,0.0,0.0,0.0,0.0,0.0,0.0,0.0,0.0,0.0,0.0,0.0,0.0,0.0,0.0,0.0,0.0,1.0,0.0,0.0,0.0,0.0,0.0,0.0,1.0,0.0
3.0,0.2,0.9047619047619048,2.0,0.0,0.07570977917981087,2.6791044776119404,3.579617834394904,0.11864406779661019,0.0,0.0,0.0,0.0,0.0,0.0,0.0,0.0,0.0,0.0,0.0,0.0,0.0,0.0,0.0,0.0,0.0,0.0,0.0,0.0,0.0,0.0,0.0,0.0,0.0,1.0,0.0,0.0,0.0,0.0,0.0,0.0
1.0,-1.2,0.8571428571428571,1.3333333333333333,0.0,0.01892744479495249,0.20149253731343295,0.6326963906581741,0.18644067796610161,0.0,0.0,0.0,0.0,0.0,0.0,0.0,0.0,0.0,0.0,1.0,0.0,0.0,0.0,0.0,0.0,0.0,0.0,0.0,0.0,0.0,0.0,0.0,0.0,0.0,0.0,0.0,0.0,0.0,0.0,0.0,0.0
1.0,-0.2,-1.0,2.0,0.0,0.4353312302839109,0.5298507462686567,-0.02335456475583867,1.6440677966101693,0.0,0.0,0.0,0.0,0.0,0.0,0.0,0.0,0.0,1.0,0.0,0.0,0.0,0.0,0.0,0.0,0.0,0.0,0.0,0.0,0.0,0.0,0.0,0.0,0.0,0.0,0.0,0.0,0.0,0.0,1.0,0.0
3.0,0.8,-0.9523809523809523,0.3333333333333333,0.0,0.47318611987381676,2.611940298507463,2.252653927813163,1.3220338983050846,0.0,0.0,0.0,0.0,0.0,0.0,0.0,0.0,0.0,0.0,0.0,0.0,0.0,0.0,0.0,0.0,0.0,0.0,0.0,0.0,0.0,1.0,0.0,0.0,0.0,0.0,0.0,0.0,0.0,0.0,1.0,0.0
2.0,0.2,0.6190476190476191,-0.3333333333333333,0.0,-0.16403785488959036,-0.2238805970149254,-0.2738853503184714,-0.1864406779661017,0.0,0.0,0.0,0.0,0.0,0.0,0.0,0.0,0.0,1.0,0.0,0.0,0.0,0.0,0.0,0.0,0.0,0.0,0.0,0.0,0.0,0.0,0.0,0.0,0.0,0.0,0.0,0.0,0.0,0.0,0.0,1.0
0.0,0.6,-1.380952380952381,0.6666666666666666,0.0,0.536277602523659,0.9328358208955226,1.3949044585987258,1.7118644067796611,0.0,0.0,0.0,0.0,0.0,0.0,0.0,0.0,0.0,0.0,0.0,0.0,0.0,0.0,0.0,0.0,0.0,0.0,0.0,1.0,0.0,0.0,0.0,0.0,0.0,0.0,0.0,0.0,0.0,0.0,1.0,0.0
3.0,0.4,-1.0,0.6666666666666666,0.18181818181818182,0.2902208201892739,0.9328358208955226,0.44373673036093414,2.5932203389830506,0.0,0.0,0.0,1.0,0.0,0.0,0.0,0.0,0.0,0.0,0.0,0.0,0.0,0.0,0.0,0.0,0.0,0.0,0.0,0.0,0.0,0.0,0.0,0.0,0.0,0.0,0.0,0.0,0.0,0.0,1.0,0.0
0.0,-1.4,1.0952380952380953,2.0,8.363636363636362,-2.700315457413248,-0.7313432835820896,-0.5116772823779193,-0.6101694915254237,0.0,0.0,0.0,0.0,0.0,0.0,0.0,0.0,0.0,0.0,0.0,1.0,0.0,0.0,0.0,0.0,0.0,0.0,0.0,0.0,0.0,0.0,0.0,0.0,0.0,0.0,0.0,0.0,0.0,0.0,0.0,1.0
2.0,-0.8,-0.23809523809523808,1.0,4.0,-1.2618296529968447,-0.5895522388059702,-0.49044585987261147,-0.423728813559322,0.0,0.0,0.0,0.0,0.0,0.0,0.0,0.0,0.0,0.0,0.0,0.0,0.0,0.0,0.0,0.0,0.0,0.0,0.0,0.0,0.0,0.0,0.0,0.0,0.0,0.0,0.0,0.0,0.0,0.0,1.0,1.0
3.0,1.4,-0.9523809523809523,-1.0,0.0,0.5047318611987379,0.4029850746268657,-0.014861995753715558,0.9999999999999999,0.0,0.0,0.0,0.0,0.0,0.0,0.0,1.0,0.0,0.0,0.0,0.0,0.0,0.0,0.0,0.0,0.0,0.0,0.0,0.0,0.0,0.0,0.0,0.0,0.0,0.0,0.0,0.0,0.0,0.0,1.0,0.0
0.0,-0.6,0.5238095238095238,0.0,2.0,-1.5268138801261824,-0.47761194029850745,-0.4968152866242039,-0.4915254237288136,0.0,0.0,0.0,0.0,0.0,0.0,0.0,0.0,1.0,0.0,0.0,0.0,0.0,0.0,0.0,0.0,0.0,0.0,0.0,0.0,0.0,0.0,0.0,0.0,0.0,0.0,0.0,0.0,0.0,0.0,1.0,1.0
0.0,-0.4,-0.23809523809523808,-1.0,7.454545454545453,-1.110410094637224,-0.5298507462686567,-0.4925690021231423,-0.4576271186440678,0.0,0.0,0.0,1.0,0.0,0.0,0.0,0.0,0.0,0.0,0.0,0.0,0.0,0.0,0.0,0.0,0.0,0.0,0.0,0.0,0.0,0.0,0.0,0.0,0.0,0.0,0.0,0.0,0.0,0.0,1.0,1.0
0.0,-0.6,0.47619047619047616,0.6666666666666666,0.18181818181818182,-0.9652996845425861,-0.6865671641791045,-0.33757961783439494,-0.3898305084745763,0.0,0.0,1.0,0.0,0.0,0.0,0.0,0.0,0.0,0.0,0.0,0.0,0.0,0.0,0.0,0.0,0.0,0.0,0.0,0.0,0.0,0.0,0.0,0.0,0.0,0.0,0.0,0.0,0.0,0.0,0.0,1.0
0.0,-0.6,1.0952380952380953,0.3333333333333333,0.0,-2.889589905362775,-0.7611940298507462,-0.4968152866242039,-0.6101694915254237,0.0,0.0,0.0,0.0,0.0,0.0,0.0,0.0,0.0,0.0,0.0,0.0,0.0,0.0,0.0,0.0,0.0,0.0,0.0,0.0,0.0,0.0,0.0,0.0,0.0,0.0,0.0,0.0,0.0,0.0,1.0,1.0
3.0,0.4,-0.6666666666666666,0.0,0.0,0.34700315457413233,1.0223880597014927,2.7070063694267517,0.7457627118644067,0.0,0.0,0.0,0.0,0.0,0.0,0.0,0.0,0.0,0.0,0.0,0.0,0.0,0.0,0.0,0.0,0.0,0.0,0.0,0.0,0.0,0.0,0.0,0.0,0.0,0.0,0.0,0.0,1.0,0.0,1.0,0.0
0.0,-0.2,0.42857142857142855,-0.3333333333333333,0.0,0.03154574132492112,-0.20895522388059695,-0.13588110403397033,0.01694915254237282,0.0,0.0,0.0,0.0,0.0,0.0,0.0,0.0,0.0,0.0,1.0,0.0,0.0,0.0,0.0,0.0,0.0,0.0,0.0,0.0,0.0,0.0,0.0,0.0,0.0,0.0,0.0,0.0,0.0,0.0,1.0,0.0
3.0,0.6,0.3333333333333333,0.6666666666666666,1.4545454545454546,-0.6940063091482647,1.0522388059701493,3.159235668789809,-0.3389830508474576,0.0,0.0,0.0,0.0,0.0,0.0,0.0,0.0,0.0,0.0,0.0,0.0,0.0,0.0,0.0,0.0,0.0,0.0,0.0,0.0,0.0,0.0,0.0,0.0,0.0,0.0,0.0,0.0,1.0,0.0,0.0,1.0
3.0,1.0,-0.5238095238095238,1.0,0.0,0.3533123028391162,0.36567164179104483,1.4670912951167727,1.0169491525423726,0.0,0.0,0.0,0.0,0.0,0.0,0.0,0.0,0.0,0.0,0.0,0.0,0.0,0.0,0.0,1.0,0.0,0.0,0.0,0.0,0.0,0.0,0.0,0.0,0.0,0.0,0.0,0.0,0.0,0.0,0.0,0.0
2.0,0.2,0.2857142857142857,-0.6666666666666666,1.2727272727272725,-1.0788643533123028,-0.3805970149253731,-0.4734607218683652,-0.4406779661016949,0.0,0.0,0.0,0.0,0.0,0.0,0.0,0.0,1.0,0.0,0.0,0.0,0.0,0.0,0.0,0.0,0.0,0.0,0.0,0.0,0.0,0.0,0.0,0.0,0.0,0.0,0.0,0.0,0.0,0.0,0.0,1.0
3.0,0.6,0.0,-0.6666666666666666,0.0,0.3280757097791798,0.791044776119403,0.9639065817409765,0.5762711864406779,0.0,0.0,0.0,0.0,0.0,0.0,0.0,0.0,0.0,1.0,0.0,0.0,0.0,0.0,0.0,0.0,0.0,0.0,0.0,0.0,0.0,0.0,0.0,0.0,0.0,0.0,0.0,0.0,0.0,0.0,0.0,0.0
2.0,0.4,-0.19047619047619047,0.3333333333333333,0.0,0.2776025236593053,0.6268656716417912,0.3312101910828026,0.6271186440677966,0.0,0.0,0.0,0.0,0.0,0.0,0.0,0.0,0.0,0.0,0.0,0.0,0.0,0.0,0.0,0.0,0.0,0.0,0.0,0.0,0.0,0.0,0.0,0.0,0.0,0.0,0.0,1.0,0.0,0.0,1.0,0.0
3.0,1.4,-1.4285714285714286,0.6666666666666666,0.0,0.6309148264984223,0.44776119402985093,0.010615711252653927,2.2881355932203387,0.0,1.0,0.0,0.0,0.0,0.0,0.0,0.0,0.0,0.0,0.0,0.0,0.0,0.0,0.0,0.0,0.0,0.0,0.0,0.0,0.0,0.0,0.0,0.0,0.0,0.0,0.0,0.0,0.0,0.0,1.0,0.0
2.0,0.4,-0.23809523809523808,0.3333333333333333,0.0,0.2776025236593053,1.2462686567164183,0.6263269639065817,0.6101694915254237,0.0,0.0,0.0,0.0,0.0,0.0,0.0,0.0,0.0,0.0,0.0,0.0,0.0,0.0,0.0,0.0,0.0,1.0,0.0,0.0,0.0,0.0,0.0,0.0,0.0,0.0,0.0,0.0,0.0,0.0,1.0,0.0
0.0,0.2,0.47619047619047616,-1.0,3.2727272727272725,-1.5015772870662456,-0.6641791044776119,-0.4819532908704884,-0.5084745762711864,0.0,0.0,0.0,0.0,0.0,0.0,0.0,0.0,1.0,0.0,0.0,0.0,0.0,0.0,0.0,0.0,0.0,0.0,0.0,0.0,0.0,0.0,0.0,0.0,0.0,0.0,0.0,0.0,0.0,0.0,0.0,1.0
3.0,0.6,-0.8095238095238095,-0.6666666666666666,0.5454545454545454,0.012618296529968627,0.43283582089552236,0.47983014861995754,-0.03389830508474579,0.0,0.0,0.0,0.0,0.0,0.0,0.0,0.0,0.0,0.0,0.0,0.0,0.0,1.0,0.0,0.0,0.0,0.0,0.0,0.0,0.0,0.0,0.0,0.0,0.0,0.0,0.0,0.0,0.0,0.0,1.0,0.0
1.0,-0.6,1.2380952380952381,-0.6666666666666666,1.2727272727272725,-3.0031545741324908,-0.701492537313433,-0.5095541401273885,-0.6271186440677966,0.0,0.0,0.0,0.0,0.0,0.0,0.0,0.0,0.0,0.0,0.0,0.0,0.0,0.0,1.0,0.0,0.0,0.0,0.0,0.0,0.0,0.0,0.0,0.0,0.0,0.0,0.0,0.0,0.0,0.0,0.0,1.0
0.0,-1.2,-0.6666666666666666,-3.0,3.6363636363636362,-1.4132492113564665,0.059701492537313494,-0.07430997876857749,-0.5254237288135593,0.0,0.0,0.0,0.0,0.0,0.0,0.0,0.0,0.0,0.0,0.0,0.0,0.0,0.0,0.0,0.0,0.0,0.0,0.0,0.0,0.0,0.0,1.0,0.0,0.0,0.0,0.0,0.0,0.0,0.0,1.0,1.0
2.0,0.2,0.23809523809523808,0.0,0.0,0.15141955835962084,0.9552238805970149,0.4246284501061571,0.2542372881355932,0.0,0.0,0.0,0.0,0.0,0.0,0.0,0.0,0.0,0.0,0.0,0.0,0.0,0.0,0.0,0.0,1.0,0.0,0.0,0.0,0.0,0.0,0.0,0.0,0.0,0.0,0.0,0.0,0.0,0.0,1.0,0.0
0.0,-0.6,-1.0476190476190477,-2.3333333333333335,0.18181818181818182,0.012618296529968627,1.0298507462686568,1.1549893842887473,-0.1694915254237288,0.0,0.0,0.0,0.0,0.0,0.0,0.0,0.0,0.0,0.0,0.0,0.0,0.0,0.0,0.0,0.0,0.0,1.0,0.0,0.0,0.0,0.0,0.0,0.0,0.0,0.0,0.0,0.0,0.0,0.0,1.0,0.0
2.0,0.6,0.047619047619047616,0.6666666666666666,0.0,0.22082018927444783,1.5522388059701493,2.422505307855626,0.5254237288135593,0.0,0.0,0.0,0.0,0.0,0.0,0.0,0.0,0.0,0.0,0.0,0.0,0.0,0.0,0.0,0.0,0.0,0.0,0.0,0.0,0.0,0.0,0.0,0.0,0.0,0.0,0.0,0.0,0.0,1.0,0.0,0.0
1.0,-0.2,0.19047619047619047,0.6666666666666666,0.18181818181818182,-0.2902208201892748,-0.30597014925373134,0.16772823779193202,-0.22033898305084748,0.0,0.0,0.0,0.0,0.0,0.0,0.0,0.0,0.0,0.0,0.0,0.0,0.0,0.0,0.0,0.0,0.0,0.0,0.0,0.0,1.0,0.0,0.0,0.0,0.0,0.0,0.0,0.0,0.0,0.0,0.0,1.0
2.0,-0.6,0.3333333333333333,-0.3333333333333333,0.0,-0.05678233438485837,-0.126865671641791,0.053078556263269634,-0.0847457627118644,0.0,0.0,0.0,0.0,0.0,0.0,0.0,0.0,0.0,0.0,0.0,0.0,0.0,0.0,0.0,1.0,0.0,0.0,0.0,0.0,0.0,0.0,0.0,0.0,0.0,0.0,0.0,0.0,0.0,0.0,0.0,0.0
2.0,1.4,-0.8571428571428571,-0.6666666666666666,1.0909090909090908,0.09463722397476336,0.01492537313432844,-0.4501061571125266,0.0847457627118644,0.0,0.0,0.0,0.0,0.0,0.0,0.0,0.0,0.0,0.0,0.0,1.0,0.0,0.0,0.0,0.0,0.0,0.0,0.0,0.0,0.0,0.0,0.0,0.0,0.0,0.0,0.0,0.0,0.0,0.0,1.0,0.0
1.0,-0.6,-0.2857142857142857,1.0,0.0,-1.1356466876971603,-0.5746268656716418,-0.5095541401273885,-0.4067796610169492,0.0,0.0,0.0,0.0,0.0,0.0,0.0,0.0,0.0,0.0,0.0,0.0,0.0,0.0,0.0,0.0,0.0,0.0,0.0,0.0,0.0,0.0,0.0,0.0,0.0,0.0,0.0,0.0,0.0,0.0,0.0,1.0
3.0,0.8,-0.42857142857142855,-0.3333333333333333,0.0,0.46056782334384816,4.089552238805971,3.093418259023355,1.0677966101694913,0.0,0.0,0.0,0.0,0.0,0.0,0.0,0.0,0.0,0.0,0.0,0.0,0.0,0.0,0.0,0.0,0.0,0.0,0.0,0.0,0.0,0.0,0.0,0.0,0.0,1.0,0.0,0.0,0.0,0.0,1.0,0.0
1.0,-1.4,1.1904761904761905,-0.6666666666666666,0.36363636363636365,-1.9432176656151412,-0.2388059701492537,0.15286624203821647,-0.5593220338983051,0.0,0.0,0.0,0.0,0.0,0.0,0.0,1.0,0.0,0.0,0.0,0.0,0.0,0.0,0.0,0.0,0.0,0.0,0.0,0.0,0.0,0.0,0.0,0.0,0.0,0.0,0.0,0.0,0.0,0.0,0.0,1.0
2.0,0.4,-0.09523809523809523,-0.6666666666666666,1.0909090909090908,-0.6182965299684537,-0.24626865671641793,-0.1847133757961784,-0.3898305084745763,0.0,0.0,0.0,0.0,0.0,0.0,0.0,0.0,0.0,0.0,0.0,0.0,1.0,0.0,0.0,0.0,0.0,0.0,0.0,0.0,0.0,0.0,0.0,0.0,0.0,0.0,0.0,0.0,0.0,0.0,0.0,1.0
1.0,0.0,-0.38095238095238093,-0.3333333333333333,0.0,0.34069400630914753,1.074626865671642,1.208067940552017,0.6610169491525423,0.0,0.0,0.0,0.0,0.0,0.0,0.0,0.0,0.0,0.0,0.0,0.0,0.0,0.0,0.0,0.0,0.0,0.0,0.0,0.0,0.0,0.0,0.0,0.0,0.0,0.0,1.0,0.0,0.0,0.0,0.0,0.0
2.0,0.8,-0.6190476190476191,0.3333333333333333,0.0,0.39116719242902204,1.611940298507463,0.8365180467091294,0.983050847457627,0.0,0.0,0.0,0.0,0.0,0.0,0.0,0.0,0.0,0.0,0.0,0.0,0.0,0.0,0.0,0.0,0.0,0.0,1.0,0.0,0.0,0.0,0.0,0.0,0.0,0.0,0.0,0.0,0.0,0.0,1.0,0.0
2.0,0.8,-0.9047619047619048,-0.6666666666666666,0.0,0.4037854889589898,0.1119402985074627,-0.2590233545647559,0.7796610169491526,0.0,0.0,0.0,0.0,0.0,0.0,0.0,0.0,0.0,0.0,1.0,0.0,0.0,0.0,0.0,0.0,0.0,0.0,0.0,0.0,0.0,0.0,0.0,0.0,0.0,0.0,0.0,0.0,0.0,0.0,1.0,0.0
0.0,-2.0,1.0952380952380953,0.0,18.36363636363636,-3.356466876971607,-0.7761194029850748,-0.5222929936305732,-0.6271186440677966,1.0,0.0,0.0,0.0,0.0,0.0,0.0,0.0,0.0,0.0,0.0,0.0,0.0,0.0,0.0,0.0,0.0,0.0,0.0,0.0,0.0,0.0,0.0,0.0,0.0,0.0,0.0,0.0,0.0,0.0,0.0,1.0
1.0,0.4,-0.47619047619047616,1.0,0.0,0.3343848580441637,0.7835820895522391,1.0339702760084923,0.9322033898305083,0.0,0.0,0.0,0.0,0.0,0.0,0.0,0.0,0.0,0.0,0.0,0.0,0.0,0.0,0.0,0.0,0.0,0.0,0.0,0.0,0.0,0.0,0.0,0.0,0.0,1.0,0.0,0.0,0.0,0.0,0.0,0.0
3.0,0.8,-0.38095238095238093,-0.6666666666666666,0.5454545454545454,-0.08201892744479473,0.3358208955223881,1.2929936305732483,0.0,0.0,0.0,0.0,0.0,0.0,0.0,0.0,0.0,0.0,0.0,0.0,0.0,0.0,1.0,0.0,0.0,0.0,0.0,0.0,0.0,0.0,0.0,0.0,0.0,0.0,0.0,0.0,0.0,0.0,0.0,0.0,0.0
1.0,-0.2,-0.38095238095238093,0.3333333333333333,0.18181818181818182,-0.23974763406940033,-0.49253731343283585,-0.3312101910828026,-0.2033898305084746,0.0,0.0,0.0,0.0,0.0,0.0,0.0,0.0,0.0,0.0,0.0,0.0,0.0,0.0,0.0,0.0,0.0,1.0,0.0,0.0,0.0,0.0,0.0,0.0,0.0,0.0,0.0,0.0,0.0,0.0,0.0,1.0
3.0,0.6,-0.47619047619047616,0.6666666666666666,0.9090909090909091,-0.22082018927444783,0.7164179104477613,2.4968152866242037,-0.1694915254237288,0.0,0.0,0.0,0.0,0.0,0.0,0.0,0.0,0.0,0.0,0.0,0.0,0.0,0.0,0.0,0.0,0.0,0.0,0.0,0.0,0.0,0.0,0.0,0.0,0.0,0.0,0.0,1.0,0.0,0.0,1.0,0.0
0.0,-0.8,1.1428571428571428,0.0,8.0,-2.6876971608832796,-0.34328358208955223,-0.5010615711252654,-0.6101694915254237,0.0,0.0,0.0,0.0,0.0,0.0,0.0,0.0,0.0,0.0,0.0,0.0,0.0,0.0,0.0,0.0,0.0,0.0,0.0,0.0,0.0,0.0,0.0,0.0,0.0,1.0,0.0,0.0,0.0,0.0,1.0,1.0
1.0,0.0,0.19047619047619047,-0.3333333333333333,8.181818181818182,-1.2050473186119872,-0.5,-0.4968152866242039,-0.4576271186440678,0.0,0.0,0.0,0.0,0.0,0.0,0.0,0.0,0.0,0.0,0.0,0.0,0.0,0.0,0.0,0.0,0.0,1.0,0.0,0.0,0.0,0.0,0.0,0.0,0.0,0.0,0.0,0.0,0.0,0.0,1.0,1.0
3.0,0.8,-0.38095238095238093,1.0,0.0,0.34069400630914753,1.6716417910447763,2.5414012738853504,1.0508474576271185,0.0,0.0,0.0,0.0,0.0,0.0,0.0,0.0,0.0,0.0,0.0,0.0,0.0,0.0,0.0,0.0,0.0,0.0,0.0,0.0,1.0,0.0,0.0,0.0,0.0,0.0,0.0,0.0,0.0,0.0,0.0,0.0
2.0,-0.2,0.7619047619047619,0.0,0.0,0.10725552050473199,1.2985074626865671,2.21656050955414,0.1694915254237288,0.0,0.0,0.0,0.0,0.0,0.0,0.0,0.0,0.0,0.0,0.0,0.0,0.0,0.0,0.0,0.0,0.0,0.0,0.0,0.0,0.0,0.0,0.0,0.0,0.0,0.0,0.0,0.0,1.0,0.0,0.0,0.0
3.0,1.0,-0.3333333333333333,-1.3333333333333333,0.0,0.23343848580441645,0.007462686567164154,-0.24203821656050958,0.2542372881355932,0.0,0.0,0.0,0.0,0.0,0.0,1.0,0.0,0.0,0.0,0.0,0.0,0.0,0.0,0.0,0.0,0.0,0.0,0.0,0.0,0.0,0.0,0.0,0.0,0.0,0.0,0.0,0.0,0.0,0.0,1.0,0.0
1.0,-0.6,0.8095238095238095,-0.3333333333333333,3.6363636363636362,-2.208201892744478,-0.6641791044776119,-0.5095541401273885,-0.576271186440678,0.0,1.0,0.0,0.0,0.0,0.0,0.0,0.0,0.0,0.0,0.0,0.0,0.0,0.0,0.0,0.0,0.0,0.0,0.0,0.0,0.0,0.0,0.0,0.0,0.0,0.0,0.0,0.0,0.0,0.0,1.0,1.0
2.0,0.8,-1.619047619047619,1.0,0.0,0.643533123028391,2.126865671641791,1.0403397027600847,2.5084745762711864,0.0,0.0,0.0,0.0,0.0,0.0,0.0,0.0,0.0,0.0,0.0,0.0,0.0,0.0,0.0,0.0,0.0,0.0,0.0,1.0,0.0,0.0,0.0,0.0,0.0,0.0,0.0,0.0,0.0,0.0,1.0,0.0
1.0,0.2,-0.42857142857142855,-0.6666666666666666,0.0,0.28391167192429007,-0.0895522388059701,-0.02335456475583867,0.4576271186440678,0.0,0.0,0.0,0.0,0.0,1.0,0.0,0.0,0.0,0.0,0.0,0.0,0.0,0.0,0.0,0.0,0.0,0.0,0.0,0.0,0.0,0.0,0.0,0.0,0.0,0.0,0.0,0.0,0.0,0.0,0.0,0.0
1.0,0.0,-0.38095238095238093,-0.3333333333333333,0.0,0.15772870662460559,-0.20895522388059695,-0.28025477707006374,0.22033898305084743,0.0,0.0,0.0,0.0,0.0,0.0,0.0,0.0,0.0,0.0,0.0,0.0,0.0,0.0,0.0,0.0,0.0,0.0,0.0,1.0,0.0,0.0,0.0,0.0,0.0,0.0,0.0,0.0,0.0,0.0,1.0,0.0
1.0,-0.2,0.047619047619047616,1.0,0.0,0.19558359621451057,0.5000000000000001,0.8535031847133757,0.5084745762711864,0.0,0.0,0.0,0.0,0.0,0.0,0.0,0.0,0.0,0.0,0.0,0.0,0.0,0.0,0.0,0.0,0.0,0.0,0.0,0.0,0.0,0.0,0.0,0.0,1.0,0.0,0.0,0.0,0.0,0.0,0.0,0.0
2.0,0.2,0.23809523809523808,1.3333333333333333,0.0,0.11987381703469971,0.10447761194029855,0.3864118895966029,0.38983050847457623,0.0,0.0,0.0,0.0,0.0,0.0,1.0,0.0,0.0,0.0,0.0,0.0,0.0,0.0,0.0,0.0,0.0,0.0,0.0,0.0,0.0,0.0,0.0,0.0,0.0,0.0,0.0,0.0,0.0,0.0,0.0,0.0
3.0,0.8,0.8571428571428571,0.0,0.0,0.0,1.7388059701492538,1.6008492569002124,0.01694915254237282,0.0,0.0,0.0,0.0,0.0,0.0,0.0,0.0,0.0,0.0,0.0,0.0,0.0,0.0,0.0,0.0,0.0,0.0,1.0,0.0,0.0,0.0,0.0,0.0,0.0,0.0,0.0,0.0,0.0,0.0,1.0,0.0
3.0,0.6,0.0,-0.3333333333333333,0.5454545454545454,-0.44794952681388045,-0.40298507462686567,-0.4585987261146497,-0.3389830508474576,0.0,1.0,0.0,0.0,0.0,0.0,0.0,0.0,0.0,0.0,0.0,0.0,0.0,0.0,0.0,0.0,0.0,0.0,0.0,0.0,0.0,0.0,0.0,0.0,0.0,0.0,0.0,0.0,0.0,0.0,0.0,1.0
2.0,0.0,0.6190476190476191,1.6666666666666667,1.2727272727272725,-1.2996845425867503,-0.6343283582089553,-0.47558386411889597,-0.4067796610169492,0.0,1.0,0.0,0.0,0.0,0.0,0.0,0.0,0.0,0.0,0.0,0.0,0.0,0.0,0.0,0.0,0.0,0.0,0.0,0.0,0.0,0.0,0.0,0.0,0.0,0.0,0.0,0.0,0.0,0.0,0.0,1.0
0.0,-0.6,-0.2857142857142857,-0.3333333333333333,0.0,0.3533123028391162,0.10447761194029855,0.2059447983014861,0.6949152542372881,0.0,0.0,0.0,0.0,0.0,0.0,0.0,0.0,0.0,0.0,0.0,0.0,0.0,0.0,0.0,0.0,0.0,1.0,0.0,0.0,0.0,0.0,0.0,0.0,0.0,0.0,0.0,0.0,0.0,0.0,0.0,0.0
3.0,1.0,-0.47619047619047616,-0.3333333333333333,0.0,0.3659305993690848,2.238805970149254,2.0360934182590236,0.7288135593220338,0.0,0.0,0.0,0.0,0.0,0.0,0.0,0.0,0.0,0.0,0.0,0.0,0.0,0.0,0.0,0.0,0.0,0.0,0.0,0.0,1.0,0.0,0.0,0.0,0.0,0.0,0.0,0.0,0.0,0.0,1.0,0.0
3.0,-0.8,0.8095238095238095,2.0,30.545454545454543,-1.968454258675078,-0.17910447761194034,-0.4861995753715499,-0.5254237288135593,0.0,0.0,0.0,0.0,0.0,0.0,0.0,0.0,0.0,0.0,0.0,0.0,0.0,0.0,0.0,0.0,0.0,0.0,0.0,0.0,0.0,0.0,0.0,0.0,0.0,0.0,0.0,0.0,0.0,1.0,0.0,1.0
1.0,0.2,-0.8095238095238095,-0.3333333333333333,2.0,-0.3406940063091484,-0.2238805970149254,-0.49469214437367304,-0.3050847457627119,0.0,0.0,0.0,0.0,0.0,0.0,0.0,0.0,0.0,0.0,0.0,0.0,0.0,0.0,0.0,0.0,0.0,0.0,0.0,0.0,1.0,0.0,0.0,0.0,0.0,0.0,0.0,0.0,0.0,0.0,1.0,1.0
1.0,-0.4,0.047619047619047616,-0.3333333333333333,0.0,-0.27129337539432147,-0.44029850746268656,-0.3439490445859873,-0.2542372881355932,0.0,0.0,1.0,0.0,0.0,0.0,0.0,0.0,0.0,0.0,0.0,0.0,0.0,0.0,0.0,0.0,0.0,0.0,0.0,0.0,0.0,0.0,0.0,0.0,0.0,0.0,0.0,0.0,0.0,0.0,1.0,1.0
1.0,-0.4,0.7142857142857143,-0.3333333333333333,0.0,-0.1703470031545742,-0.35820895522388063,0.0,-0.1864406779661017,0.0,0.0,0.0,0.0,0.0,0.0,0.0,0.0,0.0,0.0,0.0,0.0,0.0,0.0,0.0,0.0,0.0,0.0,0.0,1.0,0.0,0.0,0.0,0.0,0.0,0.0,0.0,0.0,0.0,0.0,0.0,0.0
3.0,1.6,-1.0476190476190477,-1.6666666666666667,0.18181818181818182,0.5236593059936904,0.8582089552238809,0.711252653927813,0.983050847457627,0.0,0.0,0.0,0.0,0.0,0.0,0.0,0.0,0.0,0.0,0.0,0.0,0.0,0.0,1.0,0.0,0.0,0.0,0.0,0.0,0.0,0.0,0.0,0.0,0.0,0.0,0.0,0.0,0.0,0.0,1.0,0.0
3.0,0.0,0.5714285714285714,-0.3333333333333333,0.0,0.1703470031545742,0.14179104477611945,0.1592356687898089,0.2542372881355932,0.0,0.0,0.0,0.0,1.0,0.0,0.0,0.0,0.0,0.0,0.0,0.0,0.0,0.0,0.0,0.0,0.0,0.0,0.0,0.0,0.0,0.0,0.0,0.0,0.0,0.0,0.0,0.0,0.0,0.0,0.0,0.0
2.0,0.6,0.047619047619047616,1.0,0.36363636363636365,-0.23343848580441645,-0.10447761194029855,0.18683651804670906,-0.15254237288135597,0.0,0.0,0.0,0.0,0.0,1.0,0.0,0.0,0.0,0.0,0.0,0.0,0.0,0.0,0.0,0.0,0.0,0.0,0.0,0.0,0.0,0.0,0.0,0.0,0.0,0.0,0.0,0.0,0.0,0.0,0.0,1.0
0.0,-0.4,0.8095238095238095,0.0,0.0,-0.037854889589905884,-0.2388059701492537,0.06157112526539275,-0.03389830508474579,0.0,0.0,0.0,0.0,0.0,0.0,0.0,1.0,0.0,0.0,0.0,0.0,0.0,0.0,0.0,0.0,0.0,0.0,0.0,0.0,0.0,0.0,0.0,0.0,0.0,0.0,0.0,0.0,0.0,0.0,1.0,0.0
0.0,-0.2,-0.6190476190476191,1.3333333333333333,1.0909090909090908,-0.3722397476340696,-0.0373134328358209,0.2080679405520169,-0.22033898305084748,0.0,0.0,0.0,0.0,0.0,0.0,0.0,0.0,0.0,0.0,0.0,0.0,0.0,0.0,0.0,0.0,0.0,0.0,0.0,0.0,1.0,0.0,0.0,0.0,0.0,0.0,0.0,0.0,0.0,0.0,0.0,1.0
1.0,-0.4,1.2380952380952381,0.3333333333333333,1.0909090909090908,-2.92744479495268,-0.746268656716418,-0.505307855626327,-0.6271186440677966,0.0,0.0,0.0,0.0,0.0,0.0,0.0,0.0,0.0,0.0,0.0,0.0,0.0,0.0,0.0,1.0,0.0,0.0,0.0,0.0,0.0,0.0,0.0,0.0,0.0,0.0,0.0,0.0,0.0,0.0,0.0,1.0
2.0,0.2,0.14285714285714285,-0.3333333333333333,0.0,0.1388012618296531,-0.2611940298507463,-0.07855626326963912,0.18644067796610161,0.0,0.0,0.0,1.0,0.0,0.0,0.0,0.0,0.0,0.0,0.0,0.0,0.0,0.0,0.0,0.0,0.0,0.0,0.0,0.0,0.0,0.0,0.0,0.0,0.0,0.0,0.0,0.0,0.0,0.0,0.0,0.0
1.0,-0.8,1.2857142857142858,0.0,0.0,-1.0662460567823342,-0.291044776119403,-0.3588110403397028,-0.423728813559322,0.0,0.0,0.0,0.0,0.0,0.0,0.0,0.0,0.0,0.0,0.0,0.0,0.0,1.0,0.0,0.0,0.0,0.0,0.0,0.0,0.0,0.0,0.0,0.0,0.0,0.0,0.0,0.0,0.0,0.0,1.0,1.0
0.0,-0.4,1.1904761904761905,-0.3333333333333333,0.0,-0.07570977917981087,-0.3358208955223881,-0.11677282377919321,-0.11864406779661019,0.0,0.0,0.0,0.0,0.0,0.0,1.0,0.0,0.0,0.0,0.0,0.0,0.0,0.0,0.0,0.0,0.0,0.0,0.0,0.0,0.0,0.0,0.0,0.0,0.0,0.0,0.0,0.0,0.0,0.0,1.0,0.0
0.0,-0.2,0.14285714285714285,-1.3333333333333333,0.0,0.12618296529968448,-0.20895522388059695,-0.14225053078556268,0.05084745762711861,0.0,0.0,0.0,0.0,0.0,0.0,0.0,0.0,0.0,0.0,0.0,0.0,0.0,0.0,0.0,0.0,0.0,0.0,0.0,0.0,0.0,0.0,0.0,0.0,0.0,1.0,0.0,0.0,0.0,0.0,0.0,0.0
1.0,-0.2,0.2857142857142857,0.6666666666666666,8.545454545454545,-1.3564668769716082,-0.5373134328358209,-0.5010615711252654,-0.4406779661016949,0.0,0.0,0.0,0.0,0.0,0.0,0.0,0.0,0.0,0.0,0.0,0.0,0.0,0.0,0.0,1.0,0.0,0.0,0.0,0.0,0.0,0.0,0.0,0.0,0.0,0.0,0.0,0.0,0.0,0.0,1.0,1.0
0.0,-1.2,0.8095238095238095,0.3333333333333333,3.2727272727272725,-2.2902208201892735,-0.6119402985074627,-0.5074309978768577,-0.576271186440678,0.0,0.0,0.0,0.0,0.0,0.0,0.0,0.0,0.0,0.0,0.0,0.0,0.0,0.0,0.0,0.0,0.0,0.0,0.0,0.0,0.0,0.0,0.0,0.0,0.0,0.0,0.0,1.0,0.0,0.0,0.0,1.0
2.0,-1.0,0.5714285714285714,1.3333333333333333,2.1818181818181817,-1.7665615141955826,-0.6492537313432836,-0.49469214437367304,-0.4915254237288136,1.0,0.0,0.0,0.0,0.0,0.0,0.0,0.0,0.0,0.0,0.0,0.0,0.0,0.0,0.0,0.0,0.0,0.0,0.0,0.0,0.0,0.0,0.0,0.0,0.0,0.0,0.0,0.0,0.0,0.0,0.0,1.0
2.0,0.6,-0.19047619047619047,0.6666666666666666,0.0,0.2776025236593053,0.06716417910447764,0.45010615711252644,0.6779661016949152,0.0,0.0,0.0,0.0,0.0,0.0,0.0,0.0,0.0,0.0,0.0,0.0,0.0,0.0,0.0,0.0,0.0,1.0,0.0,0.0,0.0,0.0,0.0,0.0,0.0,0.0,0.0,0.0,0.0,0.0,0.0,0.0
3.0,0.6,-0.14285714285714285,0.0,0.0,0.3280757097791798,2.4477611940298507,3.1783439490445864,0.7627118644067795,0.0,0.0,0.0,0.0,0.0,0.0,0.0,0.0,0.0,0.0,0.0,0.0,0.0,0.0,0.0,0.0,0.0,0.0,0.0,0.0,0.0,0.0,0.0,1.0,0.0,0.0,0.0,0.0,0.0,0.0,0.0,0.0
2.0,-0.8,0.7619047619047619,1.0,0.18181818181818182,-0.6498422712933749,0.39552238805970147,1.0254777070063694,-0.3220338983050848,0.0,0.0,0.0,0.0,0.0,0.0,0.0,0.0,0.0,0.0,0.0,0.0,0.0,0.0,0.0,0.0,0.0,0.0,0.0,0.0,1.0,0.0,0.0,0.0,0.0,0.0,0.0,0.0,0.0,0.0,0.0,1.0
2.0,-0.2,0.09523809523809523,1.0,0.0,0.03785488958990498,0.10447761194029855,1.2123142250530785,0.18644067796610161,0.0,0.0,0.0,0.0,0.0,0.0,0.0,0.0,0.0,0.0,0.0,0.0,0.0,0.0,0.0,0.0,0.0,0.0,0.0,0.0,0.0,0.0,0.0,1.0,0.0,0.0,0.0,0.0,0.0,0.0,0.0,0.0
2.0,0.4,-0.8571428571428571,0.6666666666666666,0.0,0.42902208201892705,0.5149253731343284,-0.1592356687898089,1.2203389830508473,0.0,0.0,0.0,0.0,0.0,0.0,0.0,0.0,0.0,0.0,0.0,0.0,0.0,1.0,0.0,0.0,0.0,0.0,0.0,0.0,0.0,0.0,0.0,0.0,0.0,0.0,0.0,0.0,0.0,0.0,1.0,0.0
0.0,0.0,-0.7619047619047619,-0.3333333333333333,1.2727272727272725,-0.39116719242902204,-0.2985074626865672,-0.4840764331210191,-0.3220338983050848,0.0,0.0,0.0,0.0,0.0,0.0,0.0,0.0,0.0,0.0,0.0,0.0,0.0,0.0,0.0,0.0,0.0,0.0,0.0,0.0,0.0,0.0,0.0,0.0,0.0,0.0,1.0,0.0,0.0,0.0,0.0,1.0
0.0,0.4,-0.9047619047619048,-1.0,0.0,0.5552050473186115,1.0522388059701493,0.6730360934182589,1.2711864406779658,0.0,0.0,0.0,0.0,0.0,0.0,0.0,0.0,0.0,0.0,0.0,0.0,0.0,0.0,0.0,1.0,0.0,0.0,0.0,0.0,0.0,0.0,0.0,0.0,0.0,0.0,0.0,0.0,0.0,0.0,1.0,0.0
3.0,1.0,-1.0952380952380953,-0.6666666666666666,0.0,0.5173501577287065,0.8358208955223883,0.5074309978768577,1.2033898305084747,0.0,0.0,0.0,0.0,0.0,0.0,0.0,0.0,0.0,0.0,0.0,0.0,1.0,0.0,0.0,0.0,0.0,0.0,0.0,0.0,0.0,0.0,0.0,0.0,0.0,0.0,0.0,0.0,0.0,0.0,1.0,0.0
